{
  "schemaVersion": 1,
  "updatedAt": 1768600516673,
  "patientId": "p_0afb171fc0aa",
  "teeth": [
    {
      "toothId": "27",
      "procedures": [
        {
          "id": "434dd02e-da67-41f3-bf76-8ddf3c469529",
          "procedureId": "434dd02e-da67-41f3-bf76-8ddf3c469529",
          "type": "TEMP_CROWN",
          "category": "PROSTHETIC",
          "status": "COMPLETED",
          "scheduledAt": "2026-01-17",
          "date": "2026-01-17",
          "notes": "",
          "meta": {},
          "createdAt": 1768583880322
        }
      ]
    }
  ],
  "formCompleted": true,
  "formCompletedAt": 1768583880327
}