{
  "schemaVersion": 1,
  "updatedAt": 1768495083339,
  "patientId": "p_2e404e722d37",
  "teeth": [
    {
      "toothId": "25",
      "procedures": [
        {
          "id": "p_2e404e722d37-25-1768495066671",
          "type": "IMPLANT",
          "status": "PLANNED",
          "scheduledAt": 1769112000000,
          "createdAt": 1768495066671
        }
      ]
    },
    {
      "toothId": "28",
      "procedures": [
        {
          "id": "p_2e404e722d37-28-1768495083333",
          "type": "IMPLANT",
          "status": "PLANNED",
          "scheduledAt": 1769544000000,
          "createdAt": 1768495083333
        }
      ]
    }
  ],
  "formCompleted": true,
  "formCompletedAt": 1768495066676
}