{
  "schemaVersion": 1,
  "updatedAt": 1768502262448,
  "patientId": "p_3260a24831e8",
  "teeth": [
    {
      "toothId": "28",
      "procedures": [
        {
          "id": "fd37bf83-1609-41a0-9706-5e073ce77a0d",
          "procedureId": "fd37bf83-1609-41a0-9706-5e073ce77a0d",
          "type": "TEMP_BRIDGE_UNIT",
          "category": "PROSTHETIC",
          "status": "PLANNED",
          "scheduledAt": "2026-01-16",
          "date": "2026-01-16",
          "notes": "",
          "meta": {},
          "createdAt": 1768501761029
        }
      ]
    },
    {
      "toothId": "27",
      "procedures": [
        {
          "id": "34340dee-b843-48c3-b669-27960f5e7855",
          "procedureId": "34340dee-b843-48c3-b669-27960f5e7855",
          "type": "EXTRACTION",
          "category": "SURGICAL",
          "status": "PLANNED",
          "scheduledAt": "2026-01-16",
          "date": "2026-01-16",
          "notes": "",
          "meta": {},
          "createdAt": 1768501838053
        }
      ]
    },
    {
      "toothId": "26",
      "procedures": [
        {
          "id": "989242ce-def8-401a-81a4-c074e433447d",
          "procedureId": "989242ce-def8-401a-81a4-c074e433447d",
          "type": "HEALING_ABUTMENT",
          "category": "IMPLANT",
          "status": "PLANNED",
          "scheduledAt": "2026-01-24",
          "date": "2026-01-24",
          "notes": "",
          "meta": {},
          "createdAt": 1768502262438
        }
      ]
    }
  ],
  "formCompleted": true,
  "formCompletedAt": 1768501761034
}