{
  "schemaVersion": 1,
  "updatedAt": 1768483052878,
  "patientId": "p_387acbb07bcd",
  "teeth": [
    {
      "toothId": "27",
      "procedures": [
        {
          "id": "p_387acbb07bcd-27-1768483024912",
          "type": "IMPLANT",
          "status": "PLANNED",
          "scheduledAt": 1769025600000,
          "createdAt": 1768483024912
        }
      ]
    },
    {
      "toothId": "28",
      "procedures": [
        {
          "id": "p_387acbb07bcd-28-1768483040798",
          "type": "CROWN",
          "status": "PLANNED",
          "scheduledAt": 1769025600000,
          "createdAt": 1768483040798
        }
      ]
    },
    {
      "toothId": "41",
      "procedures": [
        {
          "id": "p_387acbb07bcd-41-1768483052868",
          "type": "CROWN",
          "status": "PLANNED",
          "scheduledAt": 1769544000000,
          "createdAt": 1768483052868
        }
      ]
    }
  ],
  "formCompleted": true,
  "formCompletedAt": 1768483024923
}