{
  "schemaVersion": 1,
  "updatedAt": 1768505473600,
  "patientId": "p_39ced660b7bc",
  "teeth": [
    {
      "toothId": "14",
      "procedures": [
        {
          "id": "138927e1-aa42-459c-9404-2932090f3334",
          "procedureId": "138927e1-aa42-459c-9404-2932090f3334",
          "type": "CROWN",
          "category": "PROSTHETIC",
          "status": "PLANNED",
          "scheduledAt": "2026-01-28",
          "date": "2026-01-28",
          "notes": "",
          "meta": {},
          "createdAt": 1768505443312
        }
      ]
    },
    {
      "toothId": "24",
      "procedures": [
        {
          "id": "65a4540e-2ad8-4c60-9698-21fd3842dd63",
          "procedureId": "65a4540e-2ad8-4c60-9698-21fd3842dd63",
          "type": "BRIDGE_UNIT",
          "category": "PROSTHETIC",
          "status": "PLANNED",
          "scheduledAt": "2026-01-29",
          "date": "2026-01-29",
          "notes": "",
          "meta": {},
          "createdAt": 1768505452778
        }
      ]
    },
    {
      "toothId": "41",
      "procedures": [
        {
          "id": "e0244257-e505-4921-b54c-667195c8d20b",
          "procedureId": "e0244257-e505-4921-b54c-667195c8d20b",
          "type": "BRIDGE_UNIT",
          "category": "PROSTHETIC",
          "status": "PLANNED",
          "scheduledAt": "2026-01-16",
          "date": "2026-01-16",
          "notes": "",
          "meta": {},
          "createdAt": 1768505473597
        }
      ]
    }
  ],
  "formCompleted": true,
  "formCompletedAt": 1768505443316
}