{
  "schemaVersion": 1,
  "updatedAt": 1768497691383,
  "patientId": "p_4657cc703f12",
  "teeth": [
    {
      "toothId": "26",
      "procedures": [
        {
          "id": "p_4657cc703f12-26-1768497674809",
          "type": "IMPLANT",
          "status": "PLANNED",
          "scheduledAt": 1769457600000,
          "createdAt": 1768497674809
        },
        {
          "id": "p_4657cc703f12-26-1768497674809",
          "type": "IMPLANT",
          "status": "IN_PROGRESS",
          "scheduledAt": 1769457600000,
          "createdAt": 1768497674809
        }
      ]
    }
  ],
  "formCompleted": true,
  "formCompletedAt": 1768497674813
}