{
  "schemaVersion": 1,
  "updatedAt": 1768496712709,
  "patientId": "p_8e2e8ae9b4e2",
  "teeth": [
    {
      "toothId": "27",
      "procedures": [
        {
          "id": "p_8e2e8ae9b4e2-27-1768496076387",
          "type": "IMPLANT",
          "status": "PLANNED",
          "scheduledAt": 1769630400000,
          "createdAt": 1768496076387
        }
      ]
    },
    {
      "toothId": "26",
      "procedures": [
        {
          "id": "p_8e2e8ae9b4e2-26-1768496712702",
          "type": "IMPLANT",
          "status": "PLANNED",
          "scheduledAt": 1769457600000,
          "createdAt": 1768496712702
        }
      ]
    }
  ],
  "formCompleted": true,
  "formCompletedAt": 1768496076392
}