{
  "schemaVersion": 1,
  "updatedAt": 1767476610660,
  "patientId": "p_97b97244e40c",
  "teeth": [
    {
      "toothId": "17",
      "procedures": [
        {
          "id": "p_97b97244e40c-17-1767469180018",
          "type": "IMPLANT",
          "status": "PLANNED",
          "scheduledAt": 1769632740000,
          "createdAt": 1767469180018
        },
        {
          "id": "p_97b97244e40c-17-1767469189219",
          "type": "VENEER",
          "status": "PLANNED",
          "scheduledAt": 1769632740000,
          "createdAt": 1767469189219
        },
        {
          "id": "p_97b97244e40c-17-1767469198272",
          "type": "WHITENING",
          "status": "PLANNED",
          "scheduledAt": 1769632740000,
          "createdAt": 1767469198272
        }
      ]
    },
    {
      "toothId": "28",
      "procedures": [
        {
          "id": "p_97b97244e40c-28-1767469296208",
          "type": "IMPLANT",
          "status": "SCHEDULED",
          "scheduledAt": 1767472860000,
          "createdAt": 1767469296208
        }
      ]
    },
    {
      "toothId": "31",
      "procedures": [
        {
          "id": "p_97b97244e40c-31-1767476610660",
          "type": "IMPLANT",
          "status": "SCHEDULED",
          "scheduledAt": 1768344180000,
          "createdAt": 1767476610660
        }
      ]
    }
  ]
}