{
  "schemaVersion": 1,
  "updatedAt": 1768600460674,
  "patientId": "p_98e23020600b",
  "teeth": [
    {
      "toothId": "27",
      "procedures": [
        {
          "id": "797c8927-514b-4e86-abb9-c7c3225c46cc",
          "procedureId": "797c8927-514b-4e86-abb9-c7c3225c46cc",
          "type": "CROWN",
          "category": "PROSTHETIC",
          "status": "COMPLETED",
          "scheduledAt": "2026-01-21",
          "date": "2026-01-21",
          "notes": "",
          "meta": {},
          "createdAt": 1768595202351
        }
      ]
    },
    {
      "toothId": "25",
      "procedures": [
        {
          "id": "d6af696d-ebc5-4e92-8557-8ed540aca471",
          "procedureId": "d6af696d-ebc5-4e92-8557-8ed540aca471",
          "type": "CROWN",
          "category": "PROSTHETIC",
          "status": "ACTIVE",
          "scheduledAt": "2026-01-20",
          "date": "2026-01-20",
          "notes": "",
          "meta": {},
          "createdAt": 1768596187165
        }
      ]
    },
    {
      "toothId": "17",
      "procedures": [
        {
          "id": "67d9e814-e5d8-48b9-9c14-5616a7f9562b",
          "procedureId": "67d9e814-e5d8-48b9-9c14-5616a7f9562b",
          "type": "CROWN",
          "category": "PROSTHETIC",
          "status": "PLANNED",
          "scheduledAt": "2026-01-17",
          "date": "2026-01-17",
          "notes": "",
          "meta": {},
          "createdAt": 1768596358757
        }
      ]
    },
    {
      "toothId": "44",
      "procedures": [
        {
          "id": "f0216a01-c12a-4150-a57a-a1809fabad10",
          "procedureId": "f0216a01-c12a-4150-a57a-a1809fabad10",
          "type": "CROWN",
          "category": "PROSTHETIC",
          "status": "COMPLETED",
          "scheduledAt": "2026-01-22",
          "date": "2026-01-22",
          "notes": "",
          "meta": {},
          "createdAt": 1768597381153
        }
      ]
    },
    {
      "toothId": "45",
      "procedures": [
        {
          "id": "f32f5d77-7b83-450f-8e63-2006c4cb028f",
          "procedureId": "f32f5d77-7b83-450f-8e63-2006c4cb028f",
          "type": "CROWN",
          "category": "PROSTHETIC",
          "status": "ACTIVE",
          "scheduledAt": "2026-01-21",
          "date": "2026-01-21",
          "notes": "",
          "meta": {},
          "createdAt": 1768597397205
        }
      ]
    }
  ],
  "formCompleted": true,
  "formCompletedAt": 1768595202356
}