{
  "schemaVersion": 1,
  "updatedAt": 1768510813777,
  "patientId": "p_b703f9605eff",
  "teeth": [
    {
      "toothId": "27",
      "procedures": [
        {
          "id": "8889244f-0e86-4e09-ab8a-9fd4f6c11fe5",
          "procedureId": "8889244f-0e86-4e09-ab8a-9fd4f6c11fe5",
          "type": "BRIDGE_UNIT",
          "category": "PROSTHETIC",
          "status": "PLANNED",
          "scheduledAt": "2026-01-17",
          "date": "2026-01-17",
          "notes": "",
          "meta": {},
          "createdAt": 1768510244432
        }
      ]
    },
    {
      "toothId": "28",
      "procedures": [
        {
          "id": "d5d16f60-ee39-433d-94de-70ac997075e3",
          "procedureId": "d5d16f60-ee39-433d-94de-70ac997075e3",
          "type": "BRIDGE_UNIT",
          "category": "PROSTHETIC",
          "status": "PLANNED",
          "scheduledAt": "2026-01-30",
          "date": "2026-01-30",
          "notes": "",
          "meta": {},
          "createdAt": 1768510262083
        }
      ]
    },
    {
      "toothId": "26",
      "procedures": [
        {
          "id": "df7921c4-95ed-41cb-9b33-f60155e8f344",
          "procedureId": "df7921c4-95ed-41cb-9b33-f60155e8f344",
          "type": "BRIDGE_UNIT",
          "category": "PROSTHETIC",
          "status": "PLANNED",
          "scheduledAt": "2026-01-20",
          "date": "2026-01-20",
          "notes": "",
          "meta": {},
          "createdAt": 1768510342922
        }
      ]
    },
    {
      "toothId": "42",
      "procedures": [
        {
          "id": "ef421fab-71ed-431c-a59b-0531fd5c6cfd",
          "procedureId": "ef421fab-71ed-431c-a59b-0531fd5c6cfd",
          "type": "CROWN",
          "category": "PROSTHETIC",
          "status": "PLANNED",
          "scheduledAt": "2026-01-25",
          "date": "2026-01-25",
          "notes": "",
          "meta": {},
          "createdAt": 1768510813760
        }
      ]
    }
  ],
  "formCompleted": true,
  "formCompletedAt": 1768510244437
}