{
  "schemaVersion": 1,
  "updatedAt": 1768572616735,
  "patientId": "p_bbda7021f5ae",
  "teeth": [
    {
      "toothId": "27",
      "procedures": [
        {
          "id": "31e07f35-afe8-4b80-8168-a7026dfa8749",
          "procedureId": "31e07f35-afe8-4b80-8168-a7026dfa8749",
          "type": "APICAL_RESECTION",
          "category": "SURGICAL",
          "status": "PLANNED",
          "scheduledAt": "2026-01-17",
          "date": "2026-01-17",
          "notes": "",
          "meta": {},
          "createdAt": 1768572526890
        }
      ]
    },
    {
      "toothId": "43",
      "procedures": [
        {
          "id": "8da3e041-1e68-4ac6-ab05-ed5a509af64d",
          "procedureId": "8da3e041-1e68-4ac6-ab05-ed5a509af64d",
          "type": "CANAL_OPENING",
          "category": "ENDODONTIC",
          "status": "PLANNED",
          "scheduledAt": "2026-01-17",
          "date": "2026-01-17",
          "notes": "",
          "meta": {},
          "createdAt": 1768572616731
        }
      ]
    }
  ],
  "formCompleted": true,
  "formCompletedAt": 1768572526896
}