{
  "clinic_511927c85188": {
    "clinicId": "clinic_511927c85188",
    "email": "fargfgmershop.ge@gmail.com",
    "password": "$2b$10$O5PU6Ff2ZgLNqJd781OrYulmRUuLi1mH7Ve1DGEMN4oscxce.z7Ha",
    "name": "from",
    "phone": "9087656778765",
    "address": "AGLADZE 37",
    "clinicCode": "FROM",
    "status": "PENDING",
    "subscriptionStatus": "TRIAL",
    "subscriptionPlan": null,
    "trialEndsAt": 1769332653226,
    "createdAt": 1768123053226,
    "updatedAt": 1768123053226
  },
  "clinic_2a09fb8d71b4": {
    "clinicId": "clinic_2a09fb8d71b4",
    "email": "affil.rexkjhkporta@gmail.com",
    "password": "$2b$10$ogd9dtesEZTVBLpLnk1ctOU8FoYt/945z7mJqkGaiDqDHmYJLTJfe",
    "name": "your",
    "phone": "+995514661161",
    "address": "AGLADZE 37",
    "clinicCode": "YOUR",
    "status": "PENDING",
    "subscriptionStatus": "TRIAL",
    "subscriptionPlan": null,
    "trialEndsAt": 1769332904307,
    "createdAt": 1768123304307,
    "updatedAt": 1768123304307
  },
  "clinic_vary_001": {
    "clinicId": "clinic_vary_001",
    "clinicCode": "VARY",
    "code": "VARY",
    "name": "VARY Clinic",
    "plan": "PRO",
    "status": "ACTIVE",
    "createdAt": 1736899200000,
    "updatedAt": 1736899200000
  },
  "clinic_7bbf61169e8f": {
    "clinicId": "clinic_7bbf61169e8f",
    "email": "rezportsssageo@gmail.com",
    "password": "$2b$10$bcY5aj5B0Loi6VPqRHnvd.xUasl2p3CFQxF3K59rva5KjwmsSN0FS",
    "name": "klon",
    "phone": "908762525223",
    "address": "AGLADZE 37",
    "clinicCode": "KLON",
    "status": "PENDING",
    "subscriptionStatus": "TRIAL",
    "subscriptionPlan": null,
    "trialEndsAt": 1769684913203,
    "createdAt": 1768475313205,
    "updatedAt": 1768475313205
  },
  "clinic_f769c174a579": {
    "clinicId": "clinic_f769c174a579",
    "email": "affil.rexpcccorta@gmail.com",
    "password": "$2b$10$Im0T4jwCiCiUDXQyVjgT3ORGlzPy6qUBW.StR9Y7R1dCpMGTXm2nq",
    "name": "erhan",
    "phone": "+995514661161",
    "address": "AGLADZE 37",
    "clinicCode": "ERHAN",
    "status": "PENDING",
    "subscriptionStatus": "TRIAL",
    "subscriptionPlan": null,
    "trialEndsAt": 1769684983703,
    "createdAt": 1768475383703,
    "updatedAt": 1768475383703
  },
  "clinic_060c809845b8": {
    "clinicId": "clinic_060c809845b8",
    "email": "affil.rexpopprta@gmail.com",
    "password": "$2b$10$pJGxzfCMOg1IoCI8pnmorOpY5qHgFjhjZi3a0imK43bdkGg2ApxdO",
    "name": "saas",
    "phone": "+995514661161",
    "address": "AGLADZE 37",
    "clinicCode": "SAAS",
    "status": "PENDING",
    "subscriptionStatus": "TRIAL",
    "subscriptionPlan": null,
    "trialEndsAt": 1769685177863,
    "createdAt": 1768475577863,
    "updatedAt": 1768475577863
  },
  "clinic_497a652045f6": {
    "clinicId": "clinic_497a652045f6",
    "email": "affil.relllxporta@gmail.com",
    "password": "$2b$10$7UzZYyrwZuf01Ej/C2xAg.pMgpqZhRpy5aWkdz.PWZb1J2hSW1QXS",
    "name": "buyut",
    "phone": "+995514661161",
    "address": "AGLADZE 37",
    "clinicCode": "BUYUT",
    "status": "PENDING",
    "subscriptionStatus": "TRIAL",
    "subscriptionPlan": null,
    "trialEndsAt": 1769685315598,
    "createdAt": 1768475715600,
    "updatedAt": 1768475715600
  },
  "clinic_cec3a79640a2": {
    "clinicId": "clinic_cec3a79640a2",
    "email": "rezportmnageo@gmail.com",
    "password": "$2b$10$7tfNq/UUpPWhzJjVo07J9.g8jNg28BiJuu4cTW/sTOLEa0c/9yFiO",
    "name": "klp",
    "phone": "+44514661161",
    "address": "AGLADZE 37",
    "clinicCode": "KLP",
    "status": "PENDING",
    "subscriptionStatus": "TRIAL",
    "subscriptionPlan": null,
    "trialEndsAt": 1769685675949,
    "createdAt": 1768476075949,
    "updatedAt": 1768476425897,
    "website": "",
    "logoUrl": "https://moonsmileclinic.com/assets/img/logos/logo-dark.png",
    "googleMapsUrl": "https://maps.app.goo.gl/whfYtPHoKwAkbx2x8",
    "branding": {
      "clinicName": "klp",
      "clinicLogoUrl": "https://moonsmileclinic.com/assets/img/logos/logo-dark.png",
      "googleMapLink": "https://maps.app.goo.gl/whfYtPHoKwAkbx2x8",
      "primaryColor": "#2563EB",
      "secondaryColor": "#10B981",
      "welcomeMessage": "",
      "showPoweredBy": true
    },
    "defaultInviterDiscountPercent": null,
    "defaultInvitedDiscountPercent": null,
    "googleReviews": [],
    "trustpilotReviews": []
  },
  "clinic_ade71145bc0b": {
    "clinicId": "clinic_ade71145bc0b",
    "email": "farmershjjjop.ge@gmail.com",
    "password": "$2b$10$h7nG/dEl.rLAFpO2GXuJa.0SD5/Fd2fQG/f8kDKHQ..NKEtmHWkMG",
    "name": "ZVAN",
    "phone": "+995599797964",
    "address": "AGLADZE 37",
    "clinicCode": "ZVAN",
    "plan": "BASIC",
    "max_patients": 10,
    "status": "PENDING",
    "subscriptionStatus": "TRIAL",
    "subscriptionPlan": "BASIC",
    "trialEndsAt": 1769704627437,
    "createdAt": 1768495027437,
    "updatedAt": 1768499278334,
    "website": "",
    "logoUrl": "",
    "googleMapsUrl": "",
    "branding": {
      "clinicName": "ZVAN",
      "clinicLogoUrl": "",
      "googleMapLink": "",
      "primaryColor": "#2563EB",
      "secondaryColor": "#10B981",
      "welcomeMessage": "",
      "showPoweredBy": true
    },
    "defaultInviterDiscountPercent": 0,
    "defaultInvitedDiscountPercent": 0,
    "googleReviews": [],
    "trustpilotReviews": [],
    "code": "ZVAN"
  },
  "clinic_7846c80da030": {
    "clinicId": "clinic_7846c80da030",
    "email": "rezportagsseo@gmail.com",
    "password": "$2b$10$jEIyOtTZJWaRtKVBMwhzYukrzppTxTH9K.fxanOcXiPVluqw0/v42",
    "name": "Trabzon Dis Klinigi",
    "phone": "+995514661161",
    "address": "AGLADZE 37",
    "clinicCode": "TRABZON61",
    "plan": "PRO",
    "max_patients": null,
    "status": "PENDING",
    "subscriptionStatus": "TRIAL",
    "subscriptionPlan": "PRO",
    "trialEndsAt": 1769711060030,
    "createdAt": 1768501460031,
    "updatedAt": 1768501509023,
    "code": "TRABZON61",
    "website": "",
    "logoUrl": "",
    "googleMapsUrl": "",
    "branding": {
      "clinicName": "Trabzon Dis Klinigi",
      "clinicLogoUrl": "",
      "googleMapLink": "",
      "primaryColor": "#2563EB",
      "secondaryColor": "#10B981",
      "welcomeMessage": "selamun hello",
      "showPoweredBy": true
    },
    "defaultInviterDiscountPercent": 6,
    "defaultInvitedDiscountPercent": 6,
    "googleReviews": [],
    "trustpilotReviews": []
  },
  "clinic_0e934476b18b": {
    "clinicId": "clinic_0e934476b18b",
    "email": "affil.rexpo123ewrta@gmail.com",
    "password": "$2b$10$pXh7gT.JIg2g8sOPc6ze0.VLh9a4wrCtFHFhslt2S1sDLz9PZuXO.",
    "name": "Moon Smile Dental Clinic",
    "phone": "+995514661161",
    "address": "AGLADZE 37",
    "clinicCode": "SAAT",
    "plan": "PRO",
    "max_patients": null,
    "status": "ACTIVE",
    "subscriptionStatus": "TRIAL",
    "subscriptionPlan": "PRO",
    "trialEndsAt": 1769712314318,
    "createdAt": 1768502714318,
    "updatedAt": 1768599597122,
    "code": "SAAT",
    "website": "",
    "logoUrl": "https://moonsmileclinic.com/assets/img/logos/logo-dark.png",
    "googleMapsUrl": "https://maps.app.goo.gl/jWUBQU245kep7BnSA",
    "branding": {
      "clinicName": "Moon Smile Dental Clinic",
      "clinicLogoUrl": "https://moonsmileclinic.com/assets/img/logos/logo-dark.png",
      "address": "kalkinma mah. 5 nolu cad. Trabzon",
      "googleMapLink": "https://maps.app.goo.gl/jWUBQU245kep7BnSA",
      "primaryColor": "#2563EB",
      "secondaryColor": "#10B981",
      "welcomeMessage": "Happy Smile",
      "showPoweredBy": true
    },
    "defaultInviterDiscountPercent": 20,
    "defaultInvitedDiscountPercent": 15,
    "googleReviews": [],
    "trustpilotReviews": []
  }
}