{
  "clinicCode": "MOON",
  "name": "buyut",
  "address": "Güzeloba, Havaalanı Cd. No:104 A, 07230 Muratpaşa/Antalya",
  "phone": "+995514661161",
  "email": "ferayzengin07@gmail.com",
  "website": "https://moonsmileclinic.com/index",
  "logoUrl": "https://moonsmileclinic.com/assets/img/logos/logo-dark.png",
  "googleMapsUrl": "https://maps.app.goo.gl/kRmy4ZNCMkuMscxJ6",
  "branding": {
    "clinicName": "buyut",
    "clinicLogoUrl": "https://moonsmileclinic.com/assets/img/logos/logo-dark.png",
    "googleMapLink": "https://maps.app.goo.gl/kRmy4ZNCMkuMscxJ6",
    "primaryColor": "#2563EB",
    "secondaryColor": "#10B981",
    "welcomeMessage": "",
    "showPoweredBy": true
  },
  "defaultInviterDiscountPercent": 5,
  "defaultInvitedDiscountPercent": 5,
  "googleReviews": [],
  "trustpilotReviews": [],
  "updatedAt": 1768475775358
}