{
  "p90fd": {
    "patientId": "p90fd",
    "requestId": "p90fd",
    "name": "Kemal Tartar",
    "phone": "+995514636363",
    "status": "APPROVED",
    "createdAt": 1767356977278,
    "updatedAt": 1767374645711
  },
  "p67a4": {
    "patientId": "p67a4",
    "requestId": "p67a4",
    "name": "Aydın Sanki",
    "phone": "+905323693693",
    "status": "APPROVED",
    "createdAt": 1767356208554,
    "updatedAt": 1767374648227
  },
  "p5740": {
    "patientId": "p5740",
    "requestId": "p5740",
    "name": "Kamil Sönmez",
    "phone": "+905322112121",
    "status": "APPROVED",
    "createdAt": 1767351549768,
    "updatedAt": 1767374650144
  },
  "pf33f": {
    "patientId": "pf33f",
    "createdAt": 1767437682371,
    "name": "Ali Veli",
    "phone": "+905321451634",
    "status": "APPROVED",
    "updatedAt": 1767437682371
  },
  "p_1b539931b13b": {
    "patientId": "p_1b539931b13b",
    "name": "Faruk nunu",
    "phone": "+9957878765",
    "status": "APPROVED",
    "createdAt": 1767441030638,
    "updatedAt": 1767441073634
  },
  "p_97b97244e40c": {
    "patientId": "p_97b97244e40c",
    "name": "Sarp Zorlu",
    "phone": "+99563212365",
    "status": "APPROVED",
    "createdAt": 1767468589670,
    "updatedAt": 1767468702039
  },
  "p_e90a21e0d543": {
    "patientId": "p_e90a21e0d543",
    "name": "hakan balaban",
    "phone": "+9067865456",
    "status": "APPROVED",
    "createdAt": 1767566101109,
    "updatedAt": 1767566173835
  },
  "p_0032b0ed3700": {
    "patientId": "p_0032b0ed3700",
    "name": "Erman Topal",
    "phone": "+905325632563",
    "status": "APPROVED",
    "createdAt": 1767566376693,
    "updatedAt": 1767566470214
  },
  "p_f682cf3d60c8": {
    "patientId": "p_f682cf3d60c8",
    "name": "Sarp Zorlu",
    "phone": "+99563212365",
    "status": "APPROVED",
    "createdAt": 1767566916783,
    "updatedAt": 1767566937641
  },
  "p_a04b98d010c8": {
    "patientId": "p_a04b98d010c8",
    "name": "Serap Zorlu",
    "phone": "+90532896589",
    "status": "APPROVED",
    "createdAt": 1767569180386,
    "updatedAt": 1767569420144
  },
  "p_320a1bb6b140": {
    "patientId": "p_320a1bb6b140",
    "name": "Halil Maniler",
    "phone": "+6523584546",
    "status": "PENDING",
    "createdAt": 1767569605220,
    "updatedAt": 1767569605220
  },
  "p_ae68b2a40c71": {
    "patientId": "p_ae68b2a40c71",
    "name": "Bagajda Ndjdj",
    "phone": "08965236154",
    "status": "APPROVED",
    "createdAt": 1767569905891,
    "updatedAt": 1767570406541
  },
  "p_82798c0a6453": {
    "patientId": "p_82798c0a6453",
    "name": "Mzmxmx",
    "phone": "8534948427",
    "status": "APPROVED",
    "clinicCode": "MOON",
    "createdAt": 1767570488556,
    "updatedAt": 1767570515766
  },
  "p_b4d5a4214316": {
    "patientId": "p_b4d5a4214316",
    "name": "Mary Bol",
    "phone": "+995321321365",
    "status": "APPROVED",
    "clinicCode": "MOON",
    "createdAt": 1767616081724,
    "updatedAt": 1767616104167
  },
  "p_f0185bfc6da4": {
    "patientId": "p_f0185bfc6da4",
    "name": "Gani",
    "phone": "2134615",
    "status": "APPROVED",
    "clinicCode": "KLP",
    "createdAt": 1768476125557,
    "updatedAt": 1768476653103
  },
  "p_743394a680dc": {
    "patientId": "p_743394a680dc",
    "name": "Gani Müjde",
    "phone": "21346152",
    "status": "APPROVED",
    "clinicCode": "KLP",
    "createdAt": 1768480692366,
    "updatedAt": 1768480699281
  },
  "p_8f36649910f2": {
    "patientId": "p_8f36649910f2",
    "name": "Gani Müjde Kim",
    "phone": "213461521",
    "status": "APPROVED",
    "clinicCode": "KLP",
    "createdAt": 1768480915152,
    "updatedAt": 1768480922996
  },
  "p_51e0d625dca0": {
    "patientId": "p_51e0d625dca0",
    "name": "Gani Müjde Kim M",
    "phone": "213461521",
    "status": "APPROVED",
    "clinicCode": "KLP",
    "createdAt": 1768481396841,
    "updatedAt": 1768481410353
  },
  "p_387acbb07bcd": {
    "patientId": "p_387acbb07bcd",
    "name": "Ali Naci",
    "phone": "326523",
    "status": "APPROVED",
    "clinicCode": "KLP",
    "createdAt": 1768481966391,
    "updatedAt": 1768481974084
  },
  "p_a523ccff9e23": {
    "patientId": "p_a523ccff9e23",
    "name": "Nafi",
    "phone": "21842",
    "status": "PENDING",
    "clinicCode": "MOON",
    "createdAt": 1768494887662,
    "updatedAt": 1768494887662
  },
  "p_2e404e722d37": {
    "patientId": "p_2e404e722d37",
    "name": "Nafi",
    "phone": "21842",
    "status": "APPROVED",
    "clinicCode": "ZVAN",
    "createdAt": 1768495038690,
    "updatedAt": 1768495045877
  },
  "p_8e2e8ae9b4e2": {
    "patientId": "p_8e2e8ae9b4e2",
    "name": "Ali",
    "phone": "54884",
    "status": "APPROVED",
    "clinicCode": "ZVAN",
    "createdAt": 1768496043450,
    "updatedAt": 1768496060490
  },
  "p_4657cc703f12": {
    "patientId": "p_4657cc703f12",
    "name": "Ndndn",
    "phone": "840487",
    "status": "APPROVED",
    "clinicCode": "ZVAN",
    "createdAt": 1768497632939,
    "updatedAt": 1768497642980
  },
  "p_3260a24831e8": {
    "patientId": "p_3260a24831e8",
    "name": "Hakan",
    "phone": "24845",
    "status": "APPROVED",
    "clinicCode": "ZVAN",
    "createdAt": 1768499285169,
    "updatedAt": 1768499310933
  },
  "p_39ced660b7bc": {
    "patientId": "p_39ced660b7bc",
    "name": "Ali",
    "phone": "548763",
    "status": "APPROVED",
    "clinicCode": "SAAT",
    "createdAt": 1768503309642,
    "updatedAt": 1768503319487
  },
  "p_bbda7021f5ae": {
    "patientId": "p_bbda7021f5ae",
    "name": "Murat",
    "phone": "2134645",
    "status": "APPROVED",
    "clinicCode": "SAAT",
    "createdAt": 1768508882900,
    "updatedAt": 1768508890110
  },
  "p_b703f9605eff": {
    "patientId": "p_b703f9605eff",
    "name": "kemal",
    "phone": "844494949",
    "status": "APPROVED",
    "clinicCode": "SAAT",
    "createdAt": 1768509671891,
    "updatedAt": 1768509683197
  },
  "p_0591c5652c04": {
    "patientId": "p_0591c5652c04",
    "name": "Jeanny Kegan",
    "phone": "+445213163",
    "status": "APPROVED",
    "clinicCode": "SAAT",
    "createdAt": 1768576524397,
    "updatedAt": 1768576541648
  },
  "p_144e30310db5": {
    "patientId": "p_144e30310db5",
    "name": "Hdjdjd",
    "phone": "316484",
    "status": "APPROVED",
    "clinicCode": "SAAT",
    "createdAt": 1768578274304,
    "updatedAt": 1768578306696
  },
  "p_0afb171fc0aa": {
    "patientId": "p_0afb171fc0aa",
    "name": "Hdjdjd",
    "phone": "316484",
    "status": "APPROVED",
    "clinicCode": "SAAT",
    "createdAt": 1768578286554,
    "updatedAt": 1768578295128
  },
  "p_98e23020600b": {
    "patientId": "p_98e23020600b",
    "name": "Erhan",
    "phone": "3645123",
    "status": "APPROVED",
    "clinicCode": "SAAT",
    "createdAt": 1768586932708,
    "updatedAt": 1768586952525
  },
  "p_1a51c1f30bce": {
    "patientId": "p_1a51c1f30bce",
    "name": "Erhan Zorlu",
    "phone": "24875484",
    "email": "ezorlu@hdjd.com",
    "status": "PENDING",
    "clinicCode": "SAAT",
    "createdAt": 1768587887065,
    "updatedAt": 1768587887065
  },
  "p_763b7a165d25": {
    "patientId": "p_763b7a165d25",
    "name": "Erhan Zorlu",
    "phone": "995514661161",
    "email": "ezorlu@hotmail.com",
    "status": "PENDING",
    "clinicCode": "SAAT",
    "createdAt": 1768587924504,
    "updatedAt": 1768587924504
  },
  "p_f98c96534f45": {
    "patientId": "p_f98c96534f45",
    "name": "Erhan",
    "phone": "2157316",
    "email": "farmershop.ge@gmail.com",
    "status": "PENDING",
    "clinicCode": "SAAT",
    "createdAt": 1768589699734,
    "updatedAt": 1768589699734
  }
}