{
  "schemaVersion": 1,
  "updatedAt": 1767184453467,
  "patientId": "p2",
  "teeth": [
    {
      "toothId": "11",
      "procedures": [
        {
          "id": "p2-11-1767183085477",
          "type": "CROWN",
          "status": "PLANNED",
          "createdAt": 1767183085477,
          "scheduledAt": 1767172800000
        },
        {
          "id": "p2-11-1767183667426",
          "type": "CROWN",
          "status": "PLANNED",
          "createdAt": 1767183667426,
          "scheduledAt": 1767187200000
        }
      ]
    },
    {
      "toothId": "16",
      "procedures": [
        {
          "id": "p2-16-1767183751122",
          "type": "EXTRACTION",
          "status": "DONE",
          "createdAt": 1767183751122,
          "scheduledAt": 1767187200000
        }
      ]
    },
    {
      "toothId": "31",
      "procedures": [
        {
          "id": "p2-31-1767184453467",
          "type": "IMPLANT",
          "status": "PLANNED",
          "createdAt": 1767184453467,
          "scheduledAt": 1767188040000
        }
      ]
    }
  ]
}