[
  {
    "id": "ref_977f3a0caf64",
    "inviterPatientId": "p_97b97244e40c",
    "inviterPatientName": "Sarp Zorlu",
    "invitedPatientId": "p_0032b0ed3700",
    "invitedPatientName": "Erman Topal",
    "status": "APPROVED",
    "createdAt": 1767566376695,
    "inviterDiscountPercent": 2,
    "invitedDiscountPercent": 2,
    "discountPercent": 2,
    "checkInAt": null,
    "approvedAt": 1767566545467
  },
  {
    "id": "ref_85bbf834856d",
    "inviterPatientId": "p_97b97244e40c",
    "inviterPatientName": "Sarp Zorlu",
    "invitedPatientId": "p_a04b98d010c8",
    "invitedPatientName": "Serap Zorlu",
    "status": "APPROVED",
    "createdAt": 1767569180390,
    "inviterDiscountPercent": 2,
    "invitedDiscountPercent": 2,
    "discountPercent": 2,
    "checkInAt": null,
    "approvedAt": 1767569472271
  },
  {
    "id": "ref_6f8dccbe25ed",
    "inviterPatientId": "p_b703f9605eff",
    "inviterPatientName": "kemal",
    "invitedPatientId": "p_0591c5652c04",
    "invitedPatientName": "Jeanny Kegan",
    "status": "REJECTED",
    "createdAt": 1768576524404,
    "inviterDiscountPercent": null,
    "invitedDiscountPercent": null,
    "discountPercent": null,
    "checkInAt": null,
    "approvedAt": null
  },
  {
    "id": "ref_de7875d72ba4",
    "inviterPatientId": "p_0591c5652c04",
    "inviterPatientName": "Jeanny Kegan",
    "invitedPatientId": "p_98e23020600b",
    "invitedPatientName": "Erhan",
    "status": "APPROVED",
    "createdAt": 1768586932716,
    "inviterDiscountPercent": 20,
    "invitedDiscountPercent": 20,
    "discountPercent": 20,
    "checkInAt": null,
    "approvedAt": 1768599145163
  },
  {
    "id": "ref_960ebeb8bf2b",
    "inviterPatientId": "p_0591c5652c04",
    "inviterPatientName": "Jeanny Kegan",
    "invitedPatientId": "p_f98c96534f45",
    "invitedPatientName": "Erhan",
    "status": "APPROVED",
    "createdAt": 1768589699740,
    "inviterDiscountPercent": 20,
    "invitedDiscountPercent": 20,
    "discountPercent": 20,
    "checkInAt": null,
    "approvedAt": 1768599141315
  }
]