[
  {
    "requestId": "pb9aa",
    "name": "Test",
    "phone": "+995500000000",
    "status": "PENDING",
    "createdAt": 1767276757970
  },
  {
    "requestId": "p4e6a",
    "name": "Ali kınalı",
    "phone": "+856523154284",
    "status": "PENDING",
    "createdAt": 1767276777585
  },
  {
    "requestId": "p5c73",
    "name": "Test",
    "phone": "+995500000000",
    "status": "PENDING",
    "createdAt": 1767276900406
  },
  {
    "requestId": "p1246",
    "name": "Test",
    "phone": "+995500000000",
    "status": "PENDING",
    "createdAt": 1767277076122
  },
  {
    "requestId": "p61f9",
    "name": "Test",
    "phone": "+995500000000",
    "status": "PENDING",
    "createdAt": 1767277115597
  },
  {
    "requestId": "pf025",
    "name": "Test2",
    "phone": "+995500000001",
    "status": "PENDING",
    "createdAt": 1767277121700
  },
  {
    "requestId": "pa197",
    "name": "Test2",
    "phone": "+995500000001",
    "status": "PENDING",
    "createdAt": 1767277197763
  },
  {
    "requestId": "pa757",
    "name": "Gand jdjdjd",
    "phone": "+96965423312",
    "status": "PENDING",
    "createdAt": 1767277319519
  },
  {
    "requestId": "pca78",
    "name": "Gand jdjdjd",
    "phone": "+96965423312",
    "status": "PENDING",
    "createdAt": 1767277362720
  },
  {
    "requestId": "p3e91",
    "name": "Gand jdjdjd",
    "phone": "+96965423312",
    "status": "PENDING",
    "createdAt": 1767277369332
  },
  {
    "requestId": "pc51e",
    "name": "Gand jdjdjd",
    "phone": "+96965423312",
    "status": "PENDING",
    "createdAt": 1767277735863
  },
  {
    "requestId": "pe42c",
    "name": "Test",
    "phone": "+995500000000",
    "status": "PENDING",
    "createdAt": 1767278128765
  },
  {
    "requestId": "p77d0",
    "name": "Test",
    "phone": "+995500000000",
    "status": "PENDING",
    "createdAt": 1767278209056
  },
  {
    "requestId": "p4bb8",
    "name": "Test",
    "phone": "+995500000000",
    "status": "PENDING",
    "createdAt": 1767278736903
  },
  {
    "requestId": "pc942",
    "name": "Test",
    "phone": "+995500000000",
    "status": "PENDING",
    "createdAt": 1767278775984
  },
  {
    "requestId": "p53a5",
    "name": "Test",
    "phone": "+995500000000",
    "status": "PENDING",
    "createdAt": 1767279431002
  },
  {
    "requestId": "pdc58",
    "name": "Ali Kinali",
    "phone": "+998563256",
    "status": "PENDING",
    "createdAt": 1767281503565
  },
  {
    "requestId": "pc62e",
    "name": "Ali Kaka",
    "phone": "+9956868685232",
    "status": "PENDING",
    "createdAt": 1767284796372
  },
  {
    "requestId": "p4f93",
    "name": "Kamil Tatar",
    "phone": "+9956323632",
    "status": "PENDING",
    "createdAt": 1767292114251
  },
  {
    "requestId": "p5658",
    "name": "Kamil Tatar",
    "phone": "+9956323632122",
    "status": "PENDING",
    "createdAt": 1767292120581
  },
  {
    "requestId": "pb3ce",
    "name": "Kamil Tatar",
    "phone": "+995632363212",
    "status": "PENDING",
    "createdAt": 1767292132969
  },
  {
    "requestId": "pd883",
    "name": "Kamil Tatar",
    "phone": "+995632363212",
    "status": "PENDING",
    "createdAt": 1767292139926
  },
  {
    "requestId": "p9057",
    "name": "Kamil Tatar",
    "phone": "+995632363212",
    "status": "PENDING",
    "createdAt": 1767292175567
  },
  {
    "requestId": "pf9bb",
    "name": "Test",
    "phone": "+995555000000",
    "status": "PENDING",
    "createdAt": 1767292551684
  },
  {
    "requestId": "pac82",
    "name": "Test",
    "phone": "+995555000000",
    "status": "PENDING",
    "createdAt": 1767292850442
  },
  {
    "requestId": "pec60",
    "name": "Test",
    "phone": "+995555000000",
    "status": "PENDING",
    "createdAt": 1767292921324
  },
  {
    "requestId": "p01ec",
    "name": "Kamil Tatar",
    "phone": "+99563236321299",
    "status": "PENDING",
    "createdAt": 1767293018322
  },
  {
    "requestId": "p8567",
    "name": "Ali Veli",
    "phone": "+995632363256",
    "status": "PENDING",
    "createdAt": 1767293116899
  },
  {
    "patientId": "p21ed",
    "name": "Ali Veli",
    "phone": "+905321451634",
    "status": "PENDING",
    "createdAt": 1767304308678
  },
  {
    "patientId": "pf33f",
    "name": "Ali Veli",
    "phone": "+905321451634",
    "status": "APPROVED",
    "createdAt": 1767304402551,
    "updatedAt": 1767437682373,
    "requestId": "pf33f"
  },
  {
    "patientId": "p5740",
    "requestId": "p5740",
    "name": "Kamil Sönmez",
    "phone": "+905322112121",
    "status": "APPROVED",
    "createdAt": 1767351549768,
    "updatedAt": 1767374650144
  },
  {
    "patientId": "p67a4",
    "requestId": "p67a4",
    "name": "Aydın Sanki",
    "phone": "+905323693693",
    "status": "APPROVED",
    "createdAt": 1767356208554,
    "updatedAt": 1767374648228
  },
  {
    "patientId": "p90fd",
    "requestId": "p90fd",
    "name": "Kemal Tartar",
    "phone": "+995514636363",
    "status": "APPROVED",
    "createdAt": 1767356977278,
    "updatedAt": 1767374645712
  },
  {
    "requestId": "req_9dafb527658c",
    "patientId": "p_1b539931b13b",
    "name": "Faruk nunu",
    "phone": "+9957878765",
    "status": "APPROVED",
    "createdAt": 1767441030641,
    "updatedAt": 1767441073635
  },
  {
    "requestId": "req_638b52822202",
    "patientId": "p_97b97244e40c",
    "name": "Sarp Zorlu",
    "phone": "+99563212365",
    "status": "APPROVED",
    "createdAt": 1767468589671,
    "updatedAt": 1767468702040
  },
  {
    "requestId": "req_bf59fa4b0f06",
    "patientId": "p_e90a21e0d543",
    "name": "hakan balaban",
    "phone": "+9067865456",
    "status": "APPROVED",
    "createdAt": 1767566101111,
    "updatedAt": 1767566173836
  },
  {
    "requestId": "req_2ffff86f8f5a",
    "patientId": "p_0032b0ed3700",
    "name": "Erman Topal",
    "phone": "+905325632563",
    "status": "APPROVED",
    "createdAt": 1767566376694,
    "updatedAt": 1767566470215
  },
  {
    "requestId": "req_c9efc860479c",
    "patientId": "p_f682cf3d60c8",
    "name": "Sarp Zorlu",
    "phone": "+99563212365",
    "status": "APPROVED",
    "createdAt": 1767566916786,
    "updatedAt": 1767566937641
  },
  {
    "requestId": "req_62300342fd34",
    "patientId": "p_a04b98d010c8",
    "name": "Serap Zorlu",
    "phone": "+90532896589",
    "status": "APPROVED",
    "createdAt": 1767569180388,
    "updatedAt": 1767569420146
  },
  {
    "requestId": "req_51671ce04422",
    "patientId": "p_320a1bb6b140",
    "name": "Halil Maniler",
    "phone": "+6523584546",
    "status": "PENDING",
    "createdAt": 1767569605221,
    "updatedAt": 1767569605221
  },
  {
    "requestId": "req_bbf7f08164e8",
    "patientId": "p_ae68b2a40c71",
    "name": "Bagajda Ndjdj",
    "phone": "08965236154",
    "status": "APPROVED",
    "createdAt": 1767569905895,
    "updatedAt": 1767570406543
  },
  {
    "requestId": "req_38a3ce82c2b8",
    "patientId": "p_82798c0a6453",
    "name": "Mzmxmx",
    "phone": "8534948427",
    "status": "APPROVED",
    "createdAt": 1767570488557,
    "updatedAt": 1767570515767
  },
  {
    "requestId": "req_b120474e8de9",
    "patientId": "p_b4d5a4214316",
    "name": "Mary Bol",
    "phone": "+995321321365",
    "status": "APPROVED",
    "createdAt": 1767616081727,
    "updatedAt": 1767616104168
  },
  {
    "requestId": "req_3e55997248a5",
    "patientId": "p_f0185bfc6da4",
    "name": "Gani",
    "phone": "2134615",
    "status": "APPROVED",
    "clinicCode": "KLP",
    "createdAt": 1768476125559,
    "updatedAt": 1768476653104
  },
  {
    "requestId": "req_3aadd615f709",
    "patientId": "p_743394a680dc",
    "name": "Gani Müjde",
    "phone": "21346152",
    "status": "APPROVED",
    "clinicCode": "KLP",
    "createdAt": 1768480692368,
    "updatedAt": 1768480699282
  },
  {
    "requestId": "req_2146d1966fb8",
    "patientId": "p_8f36649910f2",
    "name": "Gani Müjde Kim",
    "phone": "213461521",
    "status": "APPROVED",
    "clinicCode": "KLP",
    "createdAt": 1768480915153,
    "updatedAt": 1768480922997
  },
  {
    "requestId": "req_943563f666bc",
    "patientId": "p_51e0d625dca0",
    "name": "Gani Müjde Kim M",
    "phone": "213461521",
    "status": "APPROVED",
    "clinicCode": "KLP",
    "createdAt": 1768481396842,
    "updatedAt": 1768481410354
  },
  {
    "requestId": "req_4c21540e9897",
    "patientId": "p_387acbb07bcd",
    "name": "Ali Naci",
    "phone": "326523",
    "status": "APPROVED",
    "clinicCode": "KLP",
    "createdAt": 1768481966396,
    "updatedAt": 1768481974086
  },
  {
    "requestId": "req_981bdb07185e",
    "patientId": "p_a523ccff9e23",
    "name": "Nafi",
    "phone": "21842",
    "status": "PENDING",
    "clinicCode": "MOON",
    "createdAt": 1768494887667,
    "updatedAt": 1768494887667
  },
  {
    "requestId": "req_c22dce428cd1",
    "patientId": "p_2e404e722d37",
    "name": "Nafi",
    "phone": "21842",
    "status": "APPROVED",
    "clinicCode": "ZVAN",
    "createdAt": 1768495038694,
    "updatedAt": 1768495045879
  },
  {
    "requestId": "req_10f4c0da6a06",
    "patientId": "p_8e2e8ae9b4e2",
    "name": "Ali",
    "phone": "54884",
    "status": "APPROVED",
    "clinicCode": "ZVAN",
    "createdAt": 1768496043452,
    "updatedAt": 1768496060492
  },
  {
    "requestId": "req_63f205f67c5b",
    "patientId": "p_4657cc703f12",
    "name": "Ndndn",
    "phone": "840487",
    "status": "APPROVED",
    "clinicCode": "ZVAN",
    "createdAt": 1768497632942,
    "updatedAt": 1768497642981
  },
  {
    "requestId": "req_d25f5e9b81ad",
    "patientId": "p_3260a24831e8",
    "name": "Hakan",
    "phone": "24845",
    "status": "APPROVED",
    "clinicCode": "ZVAN",
    "createdAt": 1768499285171,
    "updatedAt": 1768499310935
  },
  {
    "requestId": "req_dfe50512584a",
    "patientId": "p_39ced660b7bc",
    "name": "Ali",
    "phone": "548763",
    "status": "APPROVED",
    "clinicCode": "SAAT",
    "createdAt": 1768503309645,
    "updatedAt": 1768503319489
  },
  {
    "requestId": "req_61ae33c67858",
    "patientId": "p_bbda7021f5ae",
    "name": "Murat",
    "phone": "2134645",
    "status": "APPROVED",
    "clinicCode": "SAAT",
    "createdAt": 1768508882902,
    "updatedAt": 1768508890112
  },
  {
    "requestId": "req_cab555f210cd",
    "patientId": "p_b703f9605eff",
    "name": "kemal",
    "phone": "844494949",
    "status": "APPROVED",
    "clinicCode": "SAAT",
    "createdAt": 1768509671894,
    "updatedAt": 1768509683198
  },
  {
    "requestId": "req_bc7d82c2118a",
    "patientId": "p_0591c5652c04",
    "name": "Jeanny Kegan",
    "phone": "+445213163",
    "status": "APPROVED",
    "clinicCode": "SAAT",
    "createdAt": 1768576524401,
    "updatedAt": 1768576541649
  },
  {
    "requestId": "req_18d42f1f40e1",
    "patientId": "p_144e30310db5",
    "name": "Hdjdjd",
    "phone": "316484",
    "status": "APPROVED",
    "clinicCode": "SAAT",
    "createdAt": 1768578274308,
    "updatedAt": 1768578306697
  },
  {
    "requestId": "req_b51d583de68f",
    "patientId": "p_0afb171fc0aa",
    "name": "Hdjdjd",
    "phone": "316484",
    "status": "APPROVED",
    "clinicCode": "SAAT",
    "createdAt": 1768578286556,
    "updatedAt": 1768578295131
  },
  {
    "requestId": "req_627d4aff5d0d",
    "patientId": "p_98e23020600b",
    "name": "Erhan",
    "phone": "3645123",
    "status": "APPROVED",
    "clinicCode": "SAAT",
    "createdAt": 1768586932713,
    "updatedAt": 1768586952527
  },
  {
    "requestId": "req_37927366bc23",
    "patientId": "p_1a51c1f30bce",
    "name": "Erhan Zorlu",
    "phone": "24875484",
    "email": "ezorlu@hdjd.com",
    "status": "PENDING",
    "clinicCode": "SAAT",
    "createdAt": 1768587887068,
    "updatedAt": 1768587887068
  },
  {
    "requestId": "req_2dae0a950722",
    "patientId": "p_763b7a165d25",
    "name": "Erhan Zorlu",
    "phone": "995514661161",
    "email": "ezorlu@hotmail.com",
    "status": "PENDING",
    "clinicCode": "SAAT",
    "createdAt": 1768587924506,
    "updatedAt": 1768587924506
  },
  {
    "requestId": "req_8858dcc89d02",
    "patientId": "p_f98c96534f45",
    "name": "Erhan",
    "phone": "2157316",
    "email": "farmershop.ge@gmail.com",
    "status": "PENDING",
    "clinicCode": "SAAT",
    "createdAt": 1768589699737,
    "updatedAt": 1768589699737
  }
]