{
  "schemaVersion": 1,
  "updatedAt": 1768481447439,
  "patientId": "ALI",
  "hotel": null,
  "flights": [
    {
      "type": "ARRIVAL",
      "from": "London",
      "to": "Antalya ",
      "date": "2026-01-16",
      "time": "21:45",
      "flightNo": "Tk5626"
    },
    {
      "type": "DEPARTURE",
      "from": "Antalya ",
      "to": "London ",
      "date": "2026-02-14",
      "time": "02:15",
      "flightNo": "Tk565"
    }
  ],
  "notes": "",
  "airportPickup": null,
  "editPolicy": {
    "hotel": "PATIENT",
    "flights": "ADMIN",
    "notes": "PATIENT"
  },
  "events": [],
  "formCompleted": null,
  "formCompletedAt": null
}