{
  "schemaVersion": 1,
  "updatedAt": 1768054886769,
  "patientId": "p2",
  "hotel": {
    "name": "Test Hotel",
    "address": "Test Address"
  },
  "flights": [
    {
      "id": "1767227084714",
      "type": "OUTBOUND",
      "airline": "thy",
      "flightNo": "thy678",
      "from": "lon",
      "to": "ant",
      "date": "2026-01-05",
      "time": "11:00",
      "pnr": "",
      "note": ""
    },
    {
      "id": "1767227104686",
      "type": "RETURN",
      "airline": "thy",
      "flightNo": "thy678",
      "from": "ant",
      "to": "lon",
      "date": "2026-01-23",
      "time": "11:00",
      "pnr": "",
      "note": ""
    }
  ],
  "notes": "Test travel notes updated",
  "airportPickup": {
    "driverName": "John Doe",
    "phone": "+90 555 123 4567",
    "notes": "Will pick up at terminal"
  },
  "editPolicy": {
    "hotel": "ADMIN",
    "flights": "ADMIN",
    "notes": "ADMIN"
  },
  "events": []
}