{
  "schemaVersion": 1,
  "updatedAt": 1768583060019,
  "patientId": "p_0afb171fc0aa",
  "hotel": null,
  "flights": [
    {
      "type": "DEPARTURE",
      "from": "ist",
      "to": "ant",
      "date": "2026-01-17",
      "time": "23:23",
      "flightNo": "ygyhh"
    },
    {
      "type": "ARRIVAL",
      "from": "ant",
      "to": "ist",
      "date": "2026-01-23",
      "time": "23:23",
      "flightNo": "ygyhh"
    }
  ],
  "notes": "",
  "airportPickup": {
    "name": "ahmet tarrak",
    "whatsApp": "9076567888",
    "carColor": "siyah",
    "notes": "terminal g"
  },
  "editPolicy": {
    "hotel": "PATIENT",
    "flights": "PATIENT",
    "notes": "PATIENT"
  },
  "events": [],
  "formCompleted": null,
  "formCompletedAt": null
}