{
  "schemaVersion": 1,
  "updatedAt": 1767444728015,
  "patientId": "p_1b539931b13b",
  "hotel": {
    "name": "",
    "checkIn": "2026-01-05",
    "checkOut": "2026-01-25"
  },
  "flights": [
    {
      "type": "ARRIVAL",
      "from": "london",
      "to": "antalya",
      "date": "2026-01-05",
      "flightNo": "tk8987"
    },
    {
      "type": "DEPARTURE",
      "from": "antalya",
      "to": "london",
      "date": "2026-01-25",
      "flightNo": "th789"
    }
  ],
  "notes": "",
  "editPolicy": {
    "hotel": "ADMIN",
    "flights": "ADMIN",
    "notes": "ADMIN"
  },
  "events": []
}