{
  "schemaVersion": 1,
  "updatedAt": 1768484079042,
  "patientId": "p_387acbb07bcd",
  "hotel": {
    "name": "hilton",
    "address": "antalya",
    "phone": "907876556",
    "checkIn": "2026-01-16",
    "checkOut": "2026-01-29",
    "googleMapsUrl": "https://maps.app.goo.gl/Yf1ihWc8wQ8oVeNh6",
    "googleMapLink": "https://maps.app.goo.gl/Yf1ihWc8wQ8oVeNh6"
  },
  "flights": [
    {
      "type": "ARRIVAL",
      "from": "London",
      "to": "Antalya",
      "date": "2026-01-18",
      "time": "21:44",
      "flightNo": "Yh 676"
    },
    {
      "type": "DEPARTURE",
      "from": "Antalya",
      "to": "London ",
      "date": "2026-02-15",
      "time": "12:45",
      "flightNo": "Tk 565"
    }
  ],
  "notes": "Notumuz yoktur ",
  "airportPickup": {
    "name": "ahmet tarrak",
    "phone": "",
    "vehicle": "siyah bmw 34 kk 890",
    "notes": "terminal g"
  },
  "editPolicy": {
    "hotel": "ADMIN",
    "flights": "PATIENT",
    "notes": "PATIENT"
  },
  "events": [],
  "formCompleted": false,
  "formCompletedAt": null
}