{
  "schemaVersion": 1,
  "updatedAt": 1768504762064,
  "patientId": "p_39ced660b7bc",
  "hotel": {
    "name": "A otel ",
    "address": "Maraş Çad ",
    "phone": "312787643",
    "checkIn": "2026-01-18",
    "checkOut": "2026-01-31",
    "googleMapLink": ""
  },
  "flights": [
    {
      "id": "1768504720372",
      "type": "OUTBOUND",
      "airline": "thy",
      "flightNo": "tk898",
      "from": "ankara",
      "to": "antalya",
      "date": "2026-01-17",
      "time": "00:35",
      "pnr": "",
      "note": ""
    },
    {
      "id": "1768504734822",
      "type": "RETURN",
      "airline": "thy",
      "flightNo": "tk898",
      "from": "antalya",
      "to": "trabzon",
      "date": "2026-01-17",
      "time": "00:35",
      "pnr": "",
      "note": ""
    }
  ],
  "notes": "Selam",
  "airportPickup": {
    "name": "ali kinali",
    "phone": "9076567888",
    "vehicle": "opel beyaz",
    "notes": "terminal b"
  },
  "editPolicy": {
    "hotel": "PATIENT",
    "flights": "ADMIN",
    "notes": "PATIENT"
  },
  "events": [],
  "formCompleted": true,
  "formCompletedAt": 1768504762064
}