{
  "schemaVersion": 1,
  "updatedAt": 1768496553011,
  "patientId": "p_8e2e8ae9b4e2",
  "hotel": null,
  "flights": [
    {
      "id": "1768496536100",
      "type": "ARRIVAL",
      "airline": "uyhu",
      "flightNo": "iyiuyi",
      "from": "ist",
      "to": "ant",
      "date": "2026-01-22",
      "time": "",
      "pnr": "",
      "note": ""
    },
    {
      "id": "1768496550368",
      "type": "RETURN",
      "airline": "uyhu",
      "flightNo": "iyiuyi",
      "from": "ant",
      "to": "trz",
      "date": "2026-02-07",
      "time": "",
      "pnr": "",
      "note": ""
    }
  ],
  "notes": "",
  "airportPickup": null,
  "editPolicy": {
    "hotel": "PATIENT",
    "flights": "ADMIN",
    "notes": "PATIENT"
  },
  "events": [],
  "formCompleted": null,
  "formCompletedAt": null
}