{
  "schemaVersion": 1,
  "updatedAt": 1768598759851,
  "patientId": "p_98e23020600b",
  "hotel": null,
  "flights": [],
  "notes": "",
  "airportPickup": {
    "name": "ahmet tarrak",
    "whatsApp": "9076567888",
    "carColor": "siyah",
    "notes": "terminal g"
  },
  "editPolicy": {
    "hotel": "PATIENT",
    "flights": "PATIENT",
    "notes": "PATIENT"
  },
  "events": [
    {
      "id": "1768597727089",
      "date": "2026-01-29",
      "time": "",
      "type": "CONSULT",
      "title": "jhjgj",
      "desc": "khkjhk"
    },
    {
      "id": "1768597964432",
      "date": "2026-01-18",
      "time": "",
      "type": "TREATMENT",
      "title": "implant day 2",
      "desc": "ct scab"
    }
  ],
  "formCompleted": null,
  "formCompletedAt": null
}