{
  "schemaVersion": 1,
  "updatedAt": 1768511791485,
  "patientId": "p_b703f9605eff",
  "hotel": {
    "name": "A otreli",
    "address": "Ankara cad",
    "phone": "787636",
    "checkIn": "2026-01-16",
    "checkOut": "2026-01-31",
    "googleMapLink": ""
  },
  "flights": [
    {
      "type": "ARRIVAL",
      "from": "berlin",
      "to": "antalya",
      "date": "2026-01-16",
      "time": "12:30",
      "flightNo": "th768"
    },
    {
      "type": "DEPARTURE",
      "from": "antalya",
      "to": "paris",
      "date": "2026-01-31",
      "time": "10:20",
      "flightNo": "tk898"
    }
  ],
  "notes": "",
  "airportPickup": {
    "name": "kenan kara",
    "phone": "9076567888",
    "vehicle": "siyah bmw",
    "notes": "terminal g"
  },
  "editPolicy": {
    "hotel": "PATIENT",
    "flights": "PATIENT",
    "notes": "PATIENT"
  },
  "events": [],
  "formCompleted": false,
  "formCompletedAt": null
}