{
  "patientId": "p_0591c5652c04",
  "clinicCode": "SAAT",
  "formData": {
    "personalInfo": {
      "name": "Jeanny Kegan",
      "phone": "+445213163",
      "birthDate": "01.10.1988",
      "gender": "Female",
      "email": "hshs@hshs.com",
      "country": "Ndnxnx"
    },
    "generalHealth": {
      "conditions": [
        "none"
      ]
    },
    "medications": {
      "regularMedication": false,
      "bloodThinner": false,
      "cortisone": false,
      "antibiotics": false,
      "none": true
    },
    "allergies": {
      "localAnesthesia": false,
      "penicillin": false,
      "latex": false,
      "other": false,
      "none": true
    },
    "dentalHistory": {
      "previousProblems": false,
      "anesthesiaProblems": false,
      "previousProcedures": false
    },
    "complaint": {
      "mainComplaint": "Mdmd",
      "painLevel": "moderate"
    },
    "habits": {
      "smoking": true,
      "cigarettesPerDay": 13,
      "alcohol": "occasional"
    },
    "consent": {
      "infoAccurate": true,
      "planMayChange": true,
      "dataUsage": true
    }
  },
  "isComplete": true,
  "createdAt": 1768578119719,
  "updatedAt": 1768578157091,
  "completedAt": 1768578157091
}