{
  "patientId": "p_387acbb07bcd",
  "clinicCode": "KLP",
  "formData": {
    "personalInfo": {
      "name": "Ali Naci",
      "phone": "326523",
      "birthDate": "09.10.1975",
      "gender": "Erkek",
      "email": "jsjs@hshs.com",
      "country": "Türkiye "
    },
    "generalHealth": {
      "conditions": [
        "bleeding_disorder"
      ],
      "conditionsNotes": "Ndnxnx"
    },
    "medications": {
      "regularMedication": false,
      "bloodThinner": false,
      "cortisone": true,
      "antibiotics": false,
      "none": false,
      "medicationDetails": "Ndnxnx"
    },
    "allergies": {
      "localAnesthesia": false,
      "penicillin": false,
      "latex": false,
      "other": true,
      "none": false,
      "allergyDetails": "Ndnxnx"
    },
    "dentalHistory": {
      "previousProblems": false,
      "anesthesiaProblems": false,
      "previousProcedures": false
    },
    "complaint": {
      "mainComplaint": "Nxnxnx",
      "painLevel": "moderate"
    },
    "habits": {
      "smoking": false,
      "alcohol": "occasional"
    },
    "consent": {
      "infoAccurate": true,
      "planMayChange": true,
      "dataUsage": true
    }
  },
  "isComplete": true,
  "completedAt": 1768484125479,
  "updatedAt": 1768484125479
}