{
  "patientId": "p_39ced660b7bc",
  "clinicCode": "SAAT",
  "formData": {
    "personalInfo": {
      "name": "Ali",
      "phone": "548763",
      "birthDate": "01.01.1967",
      "gender": "Erkek",
      "email": "ali@hsksjs.com",
      "country": "Almanya "
    },
    "generalHealth": {
      "conditions": [
        "none"
      ]
    },
    "medications": {
      "regularMedication": false,
      "bloodThinner": false,
      "cortisone": false,
      "antibiotics": false,
      "none": true
    },
    "allergies": {
      "localAnesthesia": false,
      "penicillin": false,
      "latex": false,
      "other": false,
      "none": true
    },
    "dentalHistory": {
      "previousProblems": false,
      "anesthesiaProblems": false,
      "previousProcedures": false
    },
    "complaint": {
      "mainComplaint": "Yok",
      "painLevel": "mild"
    },
    "habits": {
      "smoking": false,
      "alcohol": "regular"
    },
    "consent": {
      "infoAccurate": true,
      "planMayChange": true,
      "dataUsage": true
    }
  },
  "isComplete": true,
  "createdAt": 1768505251550,
  "updatedAt": 1768505286049,
  "completedAt": 1768505286049
}