{
  "patientId": "p_8e2e8ae9b4e2",
  "clinicCode": "ZVAN",
  "formData": {
    "personalInfo": {
      "name": "Ali",
      "phone": "54884",
      "birthDate": "01.01.2000",
      "gender": "Kadın",
      "email": "jxjd@hdhd.com",
      "country": "Gana "
    },
    "generalHealth": {
      "conditions": [
        "thyroid"
      ],
      "conditionsNotes": "Kdjdjc"
    },
    "medications": {
      "regularMedication": false,
      "bloodThinner": false,
      "cortisone": false,
      "antibiotics": false,
      "none": true
    },
    "allergies": {
      "localAnesthesia": false,
      "penicillin": false,
      "latex": false,
      "other": false,
      "none": true
    },
    "dentalHistory": {
      "previousProblems": false,
      "anesthesiaProblems": false,
      "previousProcedures": false
    },
    "complaint": {
      "mainComplaint": "Yok",
      "painLevel": "mild"
    },
    "habits": {
      "smoking": false,
      "alcohol": "occasional"
    },
    "consent": {
      "infoAccurate": true,
      "planMayChange": true,
      "dataUsage": true
    }
  },
  "isComplete": true,
  "completedAt": 1768496209992,
  "updatedAt": 1768496209992
}