{
  "patientId": "p_98e23020600b",
  "clinicCode": "SAAT",
  "formData": {
    "personalInfo": {
      "name": "Erhan",
      "phone": "3645123",
      "birthDate": "01.01.2000",
      "gender": "Male",
      "email": "hsjs@hdhd.com",
      "country": "Turkey"
    },
    "generalHealth": {
      "conditions": [
        "liver_disease"
      ],
      "conditionsNotes": "Ball a "
    },
    "medications": {
      "regularMedication": false,
      "bloodThinner": false,
      "cortisone": false,
      "antibiotics": false,
      "none": true
    },
    "allergies": {
      "localAnesthesia": false,
      "penicillin": false,
      "latex": false,
      "other": false,
      "none": true
    },
    "dentalHistory": {
      "previousProblems": false,
      "anesthesiaProblems": false,
      "previousProcedures": false
    },
    "complaint": {
      "mainComplaint": "Ağrı",
      "painLevel": "mild"
    },
    "habits": {
      "smoking": false,
      "alcohol": "occasional"
    },
    "consent": {
      "infoAccurate": true,
      "planMayChange": true,
      "dataUsage": true
    }
  },
  "isComplete": true,
  "createdAt": 1768592239720,
  "updatedAt": 1768592271412,
  "completedAt": 1768592271412
}