{
  "patientId": "p_b703f9605eff",
  "clinicCode": "SAAT",
  "formData": {
    "personalInfo": {
      "name": "kemal",
      "phone": "844494949",
      "birthDate": "01.01.1989",
      "gender": "Erkek",
      "email": "hshsh@hshsh.com",
      "country": "almanya"
    },
    "generalHealth": {
      "conditions": [
        "none"
      ]
    },
    "medications": {
      "regularMedication": false,
      "bloodThinner": false,
      "cortisone": false,
      "antibiotics": false,
      "none": true
    },
    "allergies": {
      "localAnesthesia": false,
      "penicillin": false,
      "latex": false,
      "other": false,
      "none": true
    },
    "dentalHistory": {
      "previousProblems": false,
      "anesthesiaProblems": false,
      "previousProcedures": false
    },
    "complaint": {
      "mainComplaint": "yok",
      "painLevel": "none"
    },
    "habits": {
      "smoking": false,
      "alcohol": "none"
    },
    "consent": {
      "infoAccurate": true,
      "planMayChange": true,
      "dataUsage": true
    }
  },
  "isComplete": true,
  "createdAt": 1768509715042,
  "updatedAt": 1768509754992,
  "completedAt": 1768509754992
}