{
  "patientId": "p_bbda7021f5ae",
  "clinicCode": "SAAT",
  "formData": {
    "personalInfo": {
      "name": "Murat",
      "phone": "2134645",
      "birthDate": "07.09.2000",
      "gender": "Erkek",
      "email": "ksjs@hshs.com",
      "country": "Malta "
    },
    "generalHealth": {
      "conditions": [
        "none"
      ]
    },
    "medications": {
      "regularMedication": true,
      "bloodThinner": false,
      "cortisone": false,
      "antibiotics": false,
      "none": false,
      "medicationDetails": "Ndnxnx"
    },
    "allergies": {
      "localAnesthesia": false,
      "penicillin": true,
      "latex": false,
      "other": false,
      "none": false,
      "allergyDetails": "Kdjdjd"
    },
    "dentalHistory": {
      "previousProblems": true,
      "anesthesiaProblems": true,
      "previousProcedures": true
    },
    "complaint": {
      "mainComplaint": "Yok",
      "painLevel": "mild"
    },
    "habits": {
      "smoking": true,
      "cigarettesPerDay": 50,
      "alcohol": "occasional"
    },
    "consent": {
      "infoAccurate": true,
      "planMayChange": true,
      "dataUsage": true
    }
  },
  "isComplete": true,
  "createdAt": 1768508921292,
  "updatedAt": 1768508971162,
  "completedAt": 1768508971162
}