{
  "patientId": "p_f0185bfc6da4",
  "clinicCode": "KLP",
  "formData": {
    "personalInfo": {
      "name": "Gani",
      "phone": "2134615",
      "birthDate": "08.09.2000",
      "gender": "Erkek",
      "email": "kdkdj.dd@hshs.com",
      "country": "Almanya"
    },
    "generalHealth": {
      "conditions": [
        "diabetes"
      ],
      "conditionsNotes": "Mdmd"
    },
    "medications": {
      "regularMedication": false,
      "bloodThinner": false,
      "cortisone": false,
      "antibiotics": false,
      "none": true
    },
    "allergies": {
      "localAnesthesia": false,
      "penicillin": false,
      "latex": false,
      "other": false,
      "none": true
    },
    "dentalHistory": {
      "previousProblems": false,
      "anesthesiaProblems": false,
      "previousProcedures": false
    },
    "complaint": {
      "mainComplaint": "Kdjdnd",
      "painLevel": "moderate"
    },
    "habits": {
      "smoking": false,
      "alcohol": "none"
    },
    "consent": {
      "infoAccurate": true,
      "planMayChange": true,
      "dataUsage": true
    }
  },
  "isComplete": true,
  "completedAt": 1768477085757,
  "updatedAt": 1768477085757
}